n,sequential_search_itr,binary_search_rec
1,8.87e-08,5.84e-07
2,1.15e-07,6.96e-07
4,1.66e-07,7.86e-07
8,2.58e-07,7.16e-07
16,3.72e-07,8.69e-07
32,6.11e-07,9.44e-07
64,1.07e-06,1.07e-06
128,2e-06,1.26e-06
256,3.82e-06,1.55e-06
512,7.52e-06,1.71e-06
1024,1.48e-05,1.88e-06
2048,2.95e-05,1.98e-06
4096,5.88e-05,2.11e-06
8192,1.17e-04,2.27e-06
16384,2.34e-04,2.45e-06
32768,4.69e-04,2.54e-06
65536,9.39e-04,2.72e-06
131072,1.88e-03,2.85e-06
262144,3.7e-03,3e-06
524288,7.51e-03,3.16e-06
1048576,1.53e-02,3.37e-06
2097152,3.11e-02,3.58e-06
4194304,6.22e-02,3.73e-06
